author,date,event_type,link,message
rayliurui,2019-04-27T02:00:54Z,PushEvent,https://github.com/Felicity2724/JOUR2106-homework,Update index.html
rayliurui,2019-04-27T01:55:55Z,PushEvent,https://github.com/Felicity2724/JOUR2106-homework,Update index.html
rayliurui,2019-04-27T01:25:06Z,PushEvent,https://github.com/Felicity2724/JOUR2106-homework,Update test-interaction.html
rayliurui,2019-04-27T00:27:28Z,PushEvent,https://github.com/Felicity2724/JOUR2106-homework,Update test-interaction.html
rayliurui,2019-04-27T00:22:27Z,PushEvent,https://github.com/Felicity2724/JOUR2106-homework,Update test-interaction.html
rayliurui,2019-04-26T23:45:46Z,PushEvent,https://github.com/Felicity2724/JOUR2106-homework,Update test-interaction.html
rayliurui,2019-04-26T23:42:21Z,PushEvent,https://github.com/Felicity2724/JOUR2106-homework,Add files via upload
rayliurui,2019-04-26T15:43:27Z,PushEvent,https://github.com/Felicity2724/JOUR2106-homework,Update index.html
rayliurui,2019-04-26T15:40:40Z,PushEvent,https://github.com/Felicity2724/JOUR2106-homework,Update index.html
rayliurui,2019-04-26T15:15:45Z,PushEvent,https://github.com/Felicity2724/JOUR2106-homework,Update index.html
rayliurui,2019-04-26T15:11:33Z,PushEvent,https://github.com/Felicity2724/JOUR2106-homework,Update index.html
hollychik,2019-04-26T14:40:44Z,PushEvent,https://github.com/Felicity2724/JOUR2106-homework,Update index.html
hollychik,2019-04-26T14:25:00Z,PushEvent,https://github.com/Felicity2724/JOUR2106-homework,Update index.html
hollychik,2019-04-26T14:20:04Z,PushEvent,https://github.com/Felicity2724/JOUR2106-homework,Update index.html
hollychik,2019-04-26T14:19:02Z,PushEvent,https://github.com/Felicity2724/JOUR2106-homework,Update index.html
hollychik,2019-04-26T14:16:56Z,PushEvent,https://github.com/Felicity2724/JOUR2106-homework,Update index.html
hollychik,2019-04-26T14:11:25Z,PushEvent,https://github.com/Felicity2724/JOUR2106-homework,Update index.html
hollychik,2019-04-26T14:08:58Z,PushEvent,https://github.com/Felicity2724/JOUR2106-homework,Update index.html
hollychik,2019-04-26T13:50:15Z,PushEvent,https://github.com/Felicity2724/JOUR2106-homework,Update index.html
hollychik,2019-04-26T13:47:08Z,PushEvent,https://github.com/Felicity2724/JOUR2106-homework,Update index.html
ghans19,2019-04-26T13:11:42Z,PushEvent,https://github.com/Felicity2724/JOUR2106-homework,move heading into lato
ghans19,2019-04-26T13:08:26Z,PushEvent,https://github.com/Felicity2724/JOUR2106-homework,add lato font
ghans19,2019-04-26T13:03:24Z,PushEvent,https://github.com/Felicity2724/JOUR2106-homework,add city names
ghans19,2019-04-26T13:02:32Z,PushEvent,https://github.com/Felicity2724/JOUR2106-homework,Update index.html
ghans19,2019-04-26T12:53:01Z,PushEvent,https://github.com/Felicity2724/JOUR2106-homework,Update index.html
rayliurui,2019-04-26T12:44:13Z,PushEvent,https://github.com/Felicity2724/JOUR2106-homework,Update index.html
rayliurui,2019-04-26T12:35:45Z,PushEvent,https://github.com/Felicity2724/JOUR2106-homework,Update index.html
rayliurui,2019-04-26T12:15:02Z,PushEvent,https://github.com/Felicity2724/JOUR2106-homework,Update index.html
rayliurui,2019-04-26T12:01:15Z,PushEvent,https://github.com/Felicity2724/JOUR2106-homework,Update index.html
Felicity2724,2019-04-25T15:27:25Z,PushEvent,https://github.com/Felicity2724/JOUR2106-homework,felicity's try 2
Felicity2724,2019-04-17T15:41:21Z,PushEvent,https://github.com/Felicity2724/JOUR2106-homework,felicity's try
Felicity2724,2019-04-11T03:06:12Z,PushEvent,https://github.com/Felicity2724/JOUR2106-homework,Update index.html
CHIK Holly Chiu-wai,2019-04-11T02:56:34Z,PushEvent,https://github.com/Felicity2724/JOUR2106-homework,Update index.html
CHIK Holly Chiu-wai,2019-04-11T02:37:20Z,PushEvent,https://github.com/Felicity2724/JOUR2106-homework,update
Felicity2724,2019-04-06T02:40:33Z,PushEvent,https://github.com/Felicity2724/JOUR2106-homework,ws
Felicity2724,2019-04-02T12:51:07Z,PushEvent,https://github.com/Felicity2724/JOUR2106-homework,Update index.html
hollychik,2019-04-02T12:27:08Z,PushEvent,https://github.com/Felicity2724/JOUR2106-homework,Update index.html
Felicity2724,2019-04-02T11:26:09Z,PushEvent,https://github.com/Felicity2724/JOUR2106-homework,Update index.html
Felicity2724,2019-04-02T11:15:01Z,PushEvent,https://github.com/Felicity2724/JOUR2106-homework,Update index.html
Felicity2724,2019-04-02T10:59:23Z,PushEvent,https://github.com/Felicity2724/JOUR2106-homework,Update index.html
hollychik,2019-04-02T10:43:49Z,PushEvent,https://github.com/Felicity2724/JOUR2106-homework,Update index.html
hollychik,2019-04-02T10:21:15Z,PushEvent,https://github.com/Felicity2724/JOUR2106-homework,Update index.html
hollychik,2019-04-02T10:20:58Z,PushEvent,https://github.com/Felicity2724/JOUR2106-homework,Update index.html
hollychik,2019-04-02T10:12:53Z,PushEvent,https://github.com/Felicity2724/JOUR2106-homework,Update index.html
hollychik,2019-04-02T10:08:35Z,PushEvent,https://github.com/Felicity2724/JOUR2106-homework,Update index.html
hollychik,2019-04-02T09:54:12Z,PushEvent,https://github.com/Felicity2724/JOUR2106-homework,Update index.html
Felicity2724,2019-04-02T09:44:58Z,PushEvent,https://github.com/Felicity2724/JOUR2106-homework,Update index.html
Felicity2724,2019-04-02T09:30:14Z,PushEvent,https://github.com/Felicity2724/JOUR2106-homework,Update index.html
Rayleigh489,2019-04-02T09:12:33Z,PushEvent,https://github.com/Felicity2724/JOUR2106-homework,Update index.html
hollychik,2019-04-02T09:07:17Z,PushEvent,https://github.com/Felicity2724/JOUR2106-homework,Update index.html
Felicity2724,2019-04-02T09:06:13Z,PushEvent,https://github.com/Felicity2724/JOUR2106-homework,Update index.html
rayliurui,2019-04-02T09:00:40Z,PushEvent,https://github.com/Felicity2724/JOUR2106-homework,Update index.html
hollychik,2019-04-02T08:59:31Z,PushEvent,https://github.com/Felicity2724/JOUR2106-homework,Update index.html
